eval_loss,eval_accuracy,eval_f1,eval_recall,eval_precision,eval_runtime,eval_samples_per_second,eval_steps_per_second,epoch
0.6477251052856445,0.7052335132597982,0.7054157373882404,0.7052335132597982,0.7060356291562331,39.3121,108.389,13.558,3.0
0.6778094172477722,0.7012438394743018,0.7006029804103481,0.7012438394743018,0.7004980526989933,38.1785,111.607,13.961,3.0
0.6047167778015137,0.7178403755868544,0.7181666621291514,0.7178403755868544,0.7194327590390928,37.8999,112.401,14.063,3.0
0.6394861340522766,0.7093896713615023,0.7089998969492156,0.7093896713615023,0.7093103612597724,37.6333,113.198,14.163,3.0
0.6342791318893433,0.705868544600939,0.7057336770870664,0.705868544600939,0.7070677669518027,38.0111,112.073,14.022,3.0
